<?xml version = '1.0' encoding = 'UTF-8'?>
<Table class="oracle.dbtools.crest.model.design.relational.Table" directorySegmentName="seg_0" id="3A097F48-8D79-F125-0756-8FF0BE4922B6" name="Senha">
<createdBy>Gui</createdBy>
<createdTime>2023-05-29 22:19:02 UTC</createdTime>
<generatorID>6B1628B5-B06B-FDF1-94E7-BF21D95EEE09</generatorID>
<ownerDesignName>modeloLógicoRelaiconal</ownerDesignName>
<allowColumnReorder>false</allowColumnReorder>
<existDependencyGenerateInDDl>true</existDependencyGenerateInDDl>
<parsed>true</parsed>
<columns itemClass="oracle.dbtools.crest.model.design.relational.Column">
<Column name="cd_senha" id="59D585E1-9B55-1545-5F65-B4178CCCF566">
<createdBy>Gui</createdBy>
<createdTime>2023-05-29 22:19:02 UTC</createdTime>
<generatorID>A5C71BA7-0009-AEC5-E73B-22E3E1931B4B</generatorID>
<ownerDesignName>modeloLógicoRelaiconal</ownerDesignName>
<useDomainConstraints>false</useDomainConstraints>
<use>1</use>
<logicalDatatype>LOGDT011</logicalDatatype>
<ownDataTypeParameters>,,</ownDataTypeParameters>
<autoIncrementCycle>false</autoIncrementCycle>
</Column>
<Column name="senha_cartão" id="A66BE5CC-D2EA-2EE5-35CE-10F68BB31CE2">
<createdBy>Gui</createdBy>
<createdTime>2023-05-29 22:19:02 UTC</createdTime>
<generatorID>07027B07-6FB3-B544-65E6-C050306B860F</generatorID>
<ownerDesignName>modeloLógicoRelaiconal</ownerDesignName>
<useDomainConstraints>false</useDomainConstraints>
<use>1</use>
<logicalDatatype>LOGDT024</logicalDatatype>
<dataTypeSize>4</dataTypeSize>
<ownDataTypeParameters>4,,</ownDataTypeParameters>
<autoIncrementCycle>false</autoIncrementCycle>
</Column>
<Column name="Usuário_cod_usuário" id="25D954AA-0DB1-2ADA-90E7-3259D0AC66F0">
<createdBy>Gui</createdBy>
<createdTime>2023-05-29 22:19:02 UTC</createdTime>
<generatorID>816BF610-953D-4632-9AA2-7AC0D6DEFBD1</generatorID>
<ownerDesignName>modeloLógicoRelaiconal</ownerDesignName>
<useDomainConstraints>false</useDomainConstraints>
<use>1</use>
<logicalDatatype>LOGDT011</logicalDatatype>
<ownDataTypeParameters>,,</ownDataTypeParameters>
<previousColumn>false</previousColumn>
<autoIncrementCycle>false</autoIncrementCycle>
<associations>
<colAssociation fkAssociation="213D885B-451C-7256-C652-965B55275AD4" referredColumn="659449BF-3F81-0BB0-B675-C857BA17B275"/>
</associations>
</Column>
</columns>
<indexes itemClass="oracle.dbtools.crest.model.design.relational.Index">
<ind_PK_UK id="9616394D-7139-2FAC-E127-80607D14E351" name="Senha_PK">
<createdBy>Gui</createdBy>
<createdTime>2023-05-29 22:19:02 UTC</createdTime>
<generatorID>638564DF-422D-8C16-4729-6B0D0800DD17</generatorID>
<ownerDesignName>modeloLógicoRelaiconal</ownerDesignName>
<pk>true</pk>
<indexState>Primary Constraint</indexState>
<isSurrogateKey>false</isSurrogateKey>
<indexColumnUsage>
<colUsage columnID="59D585E1-9B55-1545-5F65-B4178CCCF566"/>
</indexColumnUsage>
</ind_PK_UK>
<ind_PK_UK id="2F5D7ADE-28A2-34B1-38CF-3ACE694F8402" name="Senha__IDX">
<createdBy>Gui</createdBy>
<createdTime>2023-05-29 22:19:03 UTC</createdTime>
<ownerDesignName>modeloLógicoRelaiconal</ownerDesignName>
<indexState>Unique Plain Index</indexState>
<isSurrogateKey>false</isSurrogateKey>
<relationGeneratorID>27AA42D8-1A53-1E92-43DD-D76AD98020C7</relationGeneratorID>
<indexColumnUsage>
<colUsage columnID="25D954AA-0DB1-2ADA-90E7-3259D0AC66F0"/>
</indexColumnUsage>
</ind_PK_UK>
<ind_PK_UK id="631BC9F1-13B2-7E29-DA94-91C92FC8FA27" name="Senha_Usuário_FK">
<createdBy>Gui</createdBy>
<createdTime>2023-05-29 22:19:03 UTC</createdTime>
<generatorID>27AA42D8-1A53-1E92-43DD-D76AD98020C7</generatorID>
<ownerDesignName>modeloLógicoRelaiconal</ownerDesignName>
<indexState>Foreign Key</indexState>
<isSurrogateKey>false</isSurrogateKey>
<indexColumnUsage>
<colUsage columnID="25D954AA-0DB1-2ADA-90E7-3259D0AC66F0"/>
</indexColumnUsage>
</ind_PK_UK>
</indexes>
</Table>