<?xml version = '1.0' encoding = 'UTF-8'?>
<Table class="oracle.dbtools.crest.model.design.relational.Table" directorySegmentName="seg_0" id="A084F663-9241-F397-CA81-4FC221D60296" name="Conta">
<createdBy>Gui</createdBy>
<createdTime>2023-05-29 22:19:02 UTC</createdTime>
<generatorID>27DFB730-BE32-5533-6D54-B41052EADF53</generatorID>
<ownerDesignName>modeloLógicoRelaiconal</ownerDesignName>
<allowColumnReorder>false</allowColumnReorder>
<existDependencyGenerateInDDl>true</existDependencyGenerateInDDl>
<parsed>true</parsed>
<columns itemClass="oracle.dbtools.crest.model.design.relational.Column">
<Column name="cd_conta" id="0D11886F-C5DF-2828-474F-E6AED90F14B6">
<createdBy>Gui</createdBy>
<createdTime>2023-05-29 22:19:02 UTC</createdTime>
<generatorID>6D13BB71-B103-3F58-AD33-EFF64B718D4C</generatorID>
<ownerDesignName>modeloLógicoRelaiconal</ownerDesignName>
<useDomainConstraints>false</useDomainConstraints>
<use>1</use>
<logicalDatatype>LOGDT011</logicalDatatype>
<ownDataTypeParameters>,,</ownDataTypeParameters>
<autoIncrementCycle>false</autoIncrementCycle>
</Column>
<Column name="saldo" id="5556C902-737D-019B-EEA1-802B18D14E9F">
<createdBy>Gui</createdBy>
<createdTime>2023-05-29 22:19:02 UTC</createdTime>
<generatorID>07C4A3CF-1721-0924-6DAF-B39C33A73DE1</generatorID>
<ownerDesignName>modeloLógicoRelaiconal</ownerDesignName>
<useDomainConstraints>false</useDomainConstraints>
<use>1</use>
<logicalDatatype>LOGDT024</logicalDatatype>
<dataTypeSize>50</dataTypeSize>
<ownDataTypeParameters>50,,</ownDataTypeParameters>
<autoIncrementCycle>false</autoIncrementCycle>
</Column>
<Column name="Valor_fatura" id="91DEB399-7358-9CE0-8013-18110BF9CE29">
<createdBy>Gui</createdBy>
<createdTime>2023-05-29 22:19:02 UTC</createdTime>
<generatorID>5EE73441-39D3-1059-911A-A0833585F6B9</generatorID>
<ownerDesignName>modeloLógicoRelaiconal</ownerDesignName>
<useDomainConstraints>false</useDomainConstraints>
<use>1</use>
<logicalDatatype>LOGDT024</logicalDatatype>
<dataTypeSize>50</dataTypeSize>
<ownDataTypeParameters>50,,</ownDataTypeParameters>
<autoIncrementCycle>false</autoIncrementCycle>
</Column>
<Column name="Usuário_cod_usuário" id="D8FBF90A-4935-DA09-F55E-70A7EEE227B3">
<createdBy>Gui</createdBy>
<createdTime>2023-05-29 22:19:02 UTC</createdTime>
<generatorID>6ECDAB2F-A7AD-6816-ED2F-38999E18223F</generatorID>
<ownerDesignName>modeloLógicoRelaiconal</ownerDesignName>
<useDomainConstraints>false</useDomainConstraints>
<use>1</use>
<logicalDatatype>LOGDT011</logicalDatatype>
<ownDataTypeParameters>,,</ownDataTypeParameters>
<previousColumn>false</previousColumn>
<autoIncrementCycle>false</autoIncrementCycle>
<associations>
<colAssociation fkAssociation="4D1C987A-0877-CDBF-C211-0EA434176F89" referredColumn="659449BF-3F81-0BB0-B675-C857BA17B275"/>
</associations>
</Column>
</columns>
<indexes itemClass="oracle.dbtools.crest.model.design.relational.Index">
<ind_PK_UK id="2146F49C-C8C1-E2C3-BBDE-686B12C08223" name="Conta_PK">
<createdBy>Gui</createdBy>
<createdTime>2023-05-29 22:19:02 UTC</createdTime>
<generatorID>B97353AE-1AC0-8933-3C14-CB3C7E3400D9</generatorID>
<ownerDesignName>modeloLógicoRelaiconal</ownerDesignName>
<pk>true</pk>
<indexState>Primary Constraint</indexState>
<isSurrogateKey>false</isSurrogateKey>
<indexColumnUsage>
<colUsage columnID="0D11886F-C5DF-2828-474F-E6AED90F14B6"/>
</indexColumnUsage>
</ind_PK_UK>
<ind_PK_UK id="507E8E1A-6AFA-C7DF-D245-237BCB26781D" name="Conta__IDX">
<createdBy>Gui</createdBy>
<createdTime>2023-05-29 22:19:03 UTC</createdTime>
<ownerDesignName>modeloLógicoRelaiconal</ownerDesignName>
<indexState>Unique Plain Index</indexState>
<isSurrogateKey>false</isSurrogateKey>
<relationGeneratorID>C2AFA4FB-B541-D863-541C-3D346ABAB3B3</relationGeneratorID>
<indexColumnUsage>
<colUsage columnID="D8FBF90A-4935-DA09-F55E-70A7EEE227B3"/>
</indexColumnUsage>
</ind_PK_UK>
<ind_PK_UK id="0F73B5E2-832C-9570-06F8-0CD8D4FF91C8" name="Conta_Usuário_FK">
<createdBy>Gui</createdBy>
<createdTime>2023-05-29 22:19:02 UTC</createdTime>
<generatorID>C2AFA4FB-B541-D863-541C-3D346ABAB3B3</generatorID>
<ownerDesignName>modeloLógicoRelaiconal</ownerDesignName>
<indexState>Foreign Key</indexState>
<isSurrogateKey>false</isSurrogateKey>
<indexColumnUsage>
<colUsage columnID="D8FBF90A-4935-DA09-F55E-70A7EEE227B3"/>
</indexColumnUsage>
</ind_PK_UK>
</indexes>
</Table>