<?xml version = '1.0' encoding = 'UTF-8'?>
<Table class="oracle.dbtools.crest.model.design.relational.Table" directorySegmentName="seg_0" id="C5BBBF05-D2C7-498D-EC95-07AF22B38EB9" name="Usuário">
<createdBy>Gui</createdBy>
<createdTime>2023-05-29 22:19:02 UTC</createdTime>
<generatorID>9B823670-FD74-8FE7-A059-330BBCCC3BCB</generatorID>
<ownerDesignName>modeloLógicoRelaiconal</ownerDesignName>
<allowColumnReorder>false</allowColumnReorder>
<existDependencyGenerateInDDl>true</existDependencyGenerateInDDl>
<parsed>true</parsed>
<columns itemClass="oracle.dbtools.crest.model.design.relational.Column">
<Column name="cod_usuário" id="659449BF-3F81-0BB0-B675-C857BA17B275">
<createdBy>Gui</createdBy>
<createdTime>2023-05-29 22:19:02 UTC</createdTime>
<generatorID>26B78DE0-EA25-BC67-C4DD-3891C79D0C42</generatorID>
<ownerDesignName>modeloLógicoRelaiconal</ownerDesignName>
<useDomainConstraints>false</useDomainConstraints>
<use>1</use>
<logicalDatatype>LOGDT011</logicalDatatype>
<ownDataTypeParameters>,,</ownDataTypeParameters>
<autoIncrementCycle>false</autoIncrementCycle>
</Column>
<Column name="nome" id="49C9773B-77C5-F3A5-12A8-0FBD3FEE1A4F">
<createdBy>Gui</createdBy>
<createdTime>2023-05-29 22:19:02 UTC</createdTime>
<generatorID>080CC88E-90E2-72D7-3161-FAB96AAC25C3</generatorID>
<ownerDesignName>modeloLógicoRelaiconal</ownerDesignName>
<useDomainConstraints>false</useDomainConstraints>
<use>1</use>
<logicalDatatype>LOGDT024</logicalDatatype>
<dataTypeSize>50</dataTypeSize>
<ownDataTypeParameters>50,,</ownDataTypeParameters>
<autoIncrementCycle>false</autoIncrementCycle>
</Column>
<Column name="senha" id="A3ED2F9B-6CD2-5265-68AE-B182A9EE9A5B">
<createdBy>Gui</createdBy>
<createdTime>2023-05-29 22:19:02 UTC</createdTime>
<generatorID>C4DE2A28-2CF0-F924-27D5-4B664ACDC74F</generatorID>
<ownerDesignName>modeloLógicoRelaiconal</ownerDesignName>
<useDomainConstraints>false</useDomainConstraints>
<use>1</use>
<logicalDatatype>LOGDT024</logicalDatatype>
<dataTypeSize>4</dataTypeSize>
<ownDataTypeParameters>4,,</ownDataTypeParameters>
<autoIncrementCycle>false</autoIncrementCycle>
</Column>
</columns>
<indexes itemClass="oracle.dbtools.crest.model.design.relational.Index">
<ind_PK_UK id="78364707-CB22-2BF2-F774-6477CD12EA32" name="Usuário_PK">
<createdBy>Gui</createdBy>
<createdTime>2023-05-29 22:19:02 UTC</createdTime>
<generatorID>B1809AA8-9B43-8A1A-A99F-941502A3E085</generatorID>
<ownerDesignName>modeloLógicoRelaiconal</ownerDesignName>
<pk>true</pk>
<indexState>Primary Constraint</indexState>
<isSurrogateKey>false</isSurrogateKey>
<indexColumnUsage>
<colUsage columnID="659449BF-3F81-0BB0-B675-C857BA17B275"/>
</indexColumnUsage>
</ind_PK_UK>
</indexes>
</Table>