<?xml version = '1.0' encoding = 'UTF-8'?>
<Table class="oracle.dbtools.crest.model.design.relational.Table" directorySegmentName="seg_0" id="CAC2FAD7-95DD-34EB-8553-257C7F3501B0" name="Cartão">
<createdBy>Gui</createdBy>
<createdTime>2023-05-29 22:19:02 UTC</createdTime>
<generatorID>5B30A18D-F44D-5CCE-CA38-75DF21ACD4A8</generatorID>
<ownerDesignName>modeloLógicoRelaiconal</ownerDesignName>
<allowColumnReorder>false</allowColumnReorder>
<existDependencyGenerateInDDl>true</existDependencyGenerateInDDl>
<parsed>true</parsed>
<columns itemClass="oracle.dbtools.crest.model.design.relational.Column">
<Column name="cd_cartão" id="5A243AD7-BB8B-E657-4B5A-2F77AB0C69B1">
<createdBy>Gui</createdBy>
<createdTime>2023-05-29 22:19:02 UTC</createdTime>
<generatorID>0B5197F9-88F9-810F-B59C-E4E0233B7C2F</generatorID>
<ownerDesignName>modeloLógicoRelaiconal</ownerDesignName>
<useDomainConstraints>false</useDomainConstraints>
<use>1</use>
<logicalDatatype>LOGDT011</logicalDatatype>
<ownDataTypeParameters>,,</ownDataTypeParameters>
<autoIncrementCycle>false</autoIncrementCycle>
</Column>
<Column name="nmr_cartão" id="C5BA9A83-11CF-5D7C-114C-9F2A0C61DFB4">
<createdBy>Gui</createdBy>
<createdTime>2023-05-29 22:19:02 UTC</createdTime>
<generatorID>C6D3246A-9CB2-2B2A-965E-7E34F50A7B5D</generatorID>
<ownerDesignName>modeloLógicoRelaiconal</ownerDesignName>
<useDomainConstraints>false</useDomainConstraints>
<use>1</use>
<logicalDatatype>LOGDT024</logicalDatatype>
<dataTypeSize>16</dataTypeSize>
<ownDataTypeParameters>16,,</ownDataTypeParameters>
<autoIncrementCycle>false</autoIncrementCycle>
</Column>
<Column name="data_validade" id="C647B93E-FF0F-274F-31A1-B28477AF4846">
<createdBy>Gui</createdBy>
<createdTime>2023-05-29 22:19:02 UTC</createdTime>
<generatorID>5CD3F539-F94E-D922-6231-D2FCADC9FAF8</generatorID>
<ownerDesignName>modeloLógicoRelaiconal</ownerDesignName>
<useDomainConstraints>false</useDomainConstraints>
<use>1</use>
<logicalDatatype>LOGDT008</logicalDatatype>
<ownDataTypeParameters>,,</ownDataTypeParameters>
<autoIncrementCycle>false</autoIncrementCycle>
</Column>
<Column name="nome_titular" id="8742633F-00B6-31FC-201F-69B0B422F171">
<createdBy>Gui</createdBy>
<createdTime>2023-05-29 22:19:02 UTC</createdTime>
<generatorID>B644DBB1-36EA-1176-B423-906B1592901E</generatorID>
<ownerDesignName>modeloLógicoRelaiconal</ownerDesignName>
<useDomainConstraints>false</useDomainConstraints>
<use>1</use>
<logicalDatatype>LOGDT024</logicalDatatype>
<dataTypeSize>50</dataTypeSize>
<ownDataTypeParameters>50,,</ownDataTypeParameters>
<autoIncrementCycle>false</autoIncrementCycle>
</Column>
<Column name="cd_segurança" id="134BCCDA-E18D-99D1-7F38-291D12E0F11B">
<createdBy>Gui</createdBy>
<createdTime>2023-05-29 22:19:02 UTC</createdTime>
<generatorID>155F212E-3FBC-1AE9-CAF0-63804B4AACA5</generatorID>
<ownerDesignName>modeloLógicoRelaiconal</ownerDesignName>
<useDomainConstraints>false</useDomainConstraints>
<use>1</use>
<logicalDatatype>LOGDT011</logicalDatatype>
<ownDataTypeParameters>,,</ownDataTypeParameters>
<autoIncrementCycle>false</autoIncrementCycle>
</Column>
<Column name="Usuário_cod_usuário" id="668595B7-7E6F-D75C-6AAC-590E22E8FEC4">
<createdBy>Gui</createdBy>
<createdTime>2023-05-29 22:19:02 UTC</createdTime>
<generatorID>86CADE14-1101-BD6E-0400-16779315BE00</generatorID>
<ownerDesignName>modeloLógicoRelaiconal</ownerDesignName>
<useDomainConstraints>false</useDomainConstraints>
<use>1</use>
<logicalDatatype>LOGDT011</logicalDatatype>
<ownDataTypeParameters>,,</ownDataTypeParameters>
<previousColumn>false</previousColumn>
<autoIncrementCycle>false</autoIncrementCycle>
<associations>
<colAssociation fkAssociation="25AB63E8-556A-2B12-491D-9DDA2280CD45" referredColumn="659449BF-3F81-0BB0-B675-C857BA17B275"/>
</associations>
</Column>
</columns>
<indexes itemClass="oracle.dbtools.crest.model.design.relational.Index">
<ind_PK_UK id="A32C6BCD-51AB-3E29-518E-614A86A8E111" name="Cartão_PK">
<createdBy>Gui</createdBy>
<createdTime>2023-05-29 22:19:02 UTC</createdTime>
<generatorID>CAEBE0B7-0C21-A612-9C12-6DDF063D9407</generatorID>
<ownerDesignName>modeloLógicoRelaiconal</ownerDesignName>
<pk>true</pk>
<indexState>Primary Constraint</indexState>
<isSurrogateKey>false</isSurrogateKey>
<indexColumnUsage>
<colUsage columnID="5A243AD7-BB8B-E657-4B5A-2F77AB0C69B1"/>
</indexColumnUsage>
</ind_PK_UK>
<ind_PK_UK id="17415DB7-F7F6-51DB-5F9C-81ED6E59759B" name="Cartão_Usuário_FK">
<createdBy>Gui</createdBy>
<createdTime>2023-05-29 22:19:03 UTC</createdTime>
<generatorID>EA5BDB23-F832-6220-0BEA-8ACA42F99EEE</generatorID>
<ownerDesignName>modeloLógicoRelaiconal</ownerDesignName>
<indexState>Foreign Key</indexState>
<isSurrogateKey>false</isSurrogateKey>
<indexColumnUsage>
<colUsage columnID="668595B7-7E6F-D75C-6AAC-590E22E8FEC4"/>
</indexColumnUsage>
</ind_PK_UK>
</indexes>
</Table>