<?xml version = '1.0' encoding = 'UTF-8'?>
<FKIndexAssociation class="oracle.dbtools.crest.model.design.relational.FKIndexAssociation" directorySegmentName="seg_0" id="213D885B-451C-7256-C652-965B55275AD4" containerWithKeyObject="3A097F48-8D79-F125-0756-8FF0BE4922B6" localFKIndex="631BC9F1-13B2-7E29-DA94-91C92FC8FA27" name="Senha_Usuário_FK">
<createdBy>Gui</createdBy>
<createdTime>2023-05-29 22:19:03 UTC</createdTime>
<generatorID>27AA42D8-1A53-1E92-43DD-D76AD98020C7</generatorID>
<ownerDesignName>modeloLógicoRelaiconal</ownerDesignName>
<referredTableLongName>Usuário</referredTableLongName>
<deleteRule>NO ACTION</deleteRule>
<referredTableID>C5BBBF05-D2C7-498D-EC95-07AF22B38EB9</referredTableID>
<keyObject>78364707-CB22-2BF2-F774-6477CD12EA32</keyObject>
<referredKeyID>78364707-CB22-2BF2-F774-6477CD12EA32</referredKeyID>
<mandatory>true</mandatory>
<refColNames>cod_usuário</refColNames>
<transferable>true</transferable>
<rely>false</rely>
<columnDependencyConstraintGenerateInDDL>true</columnDependencyConstraintGenerateInDDL>
</FKIndexAssociation>