<?xml version = '1.0' encoding = 'UTF-8'?>
<FKIndexAssociation class="oracle.dbtools.crest.model.design.relational.FKIndexAssociation" directorySegmentName="seg_0" id="25AB63E8-556A-2B12-491D-9DDA2280CD45" containerWithKeyObject="CAC2FAD7-95DD-34EB-8553-257C7F3501B0" localFKIndex="17415DB7-F7F6-51DB-5F9C-81ED6E59759B" name="Cartão_Usuário_FK">
<createdBy>Gui</createdBy>
<createdTime>2023-05-29 22:19:03 UTC</createdTime>
<generatorID>EA5BDB23-F832-6220-0BEA-8ACA42F99EEE</generatorID>
<ownerDesignName>modeloLógicoRelaiconal</ownerDesignName>
<referredTableLongName>Usuário</referredTableLongName>
<deleteRule>NO ACTION</deleteRule>
<referredTableID>C5BBBF05-D2C7-498D-EC95-07AF22B38EB9</referredTableID>
<keyObject>78364707-CB22-2BF2-F774-6477CD12EA32</keyObject>
<referredKeyID>78364707-CB22-2BF2-F774-6477CD12EA32</referredKeyID>
<mandatory>true</mandatory>
<refColNames>cod_usuário</refColNames>
<transferable>true</transferable>
<rely>false</rely>
<columnDependencyConstraintGenerateInDDL>true</columnDependencyConstraintGenerateInDDL>
</FKIndexAssociation>