<?xml version = '1.0' encoding = 'UTF-8'?>
<FKIndexAssociation class="oracle.dbtools.crest.model.design.relational.FKIndexAssociation" directorySegmentName="seg_0" id="4D1C987A-0877-CDBF-C211-0EA434176F89" containerWithKeyObject="A084F663-9241-F397-CA81-4FC221D60296" localFKIndex="0F73B5E2-832C-9570-06F8-0CD8D4FF91C8" name="Conta_Usuário_FK">
<createdBy>Gui</createdBy>
<createdTime>2023-05-29 22:19:02 UTC</createdTime>
<generatorID>C2AFA4FB-B541-D863-541C-3D346ABAB3B3</generatorID>
<ownerDesignName>modeloLógicoRelaiconal</ownerDesignName>
<referredTableLongName>Usuário</referredTableLongName>
<deleteRule>NO ACTION</deleteRule>
<referredTableID>C5BBBF05-D2C7-498D-EC95-07AF22B38EB9</referredTableID>
<keyObject>78364707-CB22-2BF2-F774-6477CD12EA32</keyObject>
<referredKeyID>78364707-CB22-2BF2-F774-6477CD12EA32</referredKeyID>
<mandatory>true</mandatory>
<refColNames>cod_usuário</refColNames>
<transferable>true</transferable>
<rely>false</rely>
<columnDependencyConstraintGenerateInDDL>true</columnDependencyConstraintGenerateInDDL>
</FKIndexAssociation>