<?xml version = '1.0' encoding = 'UTF-8'?>
<Diagram class="oracle.dbtools.crest.swingui.logical.DPVLogical" name="Logical" id="4280E7D0-C970-0DA8-5D3B-F4DCF58DA70A">
<createdBy>Gui</createdBy>
<modifiedBy>Gui</modifiedBy>
<createdTime>2023-05-29 22:06:12 UTC</createdTime>
<autoRoute>false</autoRoute>
<boxInbox>true</boxInbox>
<showLegend>false</showLegend>
<showLabels>false</showLabels>
<showRelAttributes>false</showRelAttributes>
<gridEnabled>false</gridEnabled>
<showGrid>false</showGrid>
<diagramColor>-1</diagramColor>
<display>false</display>
<notation>1</notation>
<objectViews>
<OView class="oracle.dbtools.crest.swingui.logical.TVEntity" oid="27DFB730-BE32-5533-6D54-B41052EADF53" otype="Entity" vid="AB4F9684-77FF-B391-81C6-53DA1DF60E33">
<hideElementsInCurrentOnly>false</hideElementsInCurrentOnly>
<bounds x="738" y="44" width="184" height="94"/>
</OView>
<OView class="oracle.dbtools.crest.swingui.logical.TVEntity" oid="5B30A18D-F44D-5CCE-CA38-75DF21ACD4A8" otype="Entity" vid="DE336A0C-DEAB-2B8A-6C37-1DFBE9C6CBB2">
<hideElementsInCurrentOnly>false</hideElementsInCurrentOnly>
<bounds x="21" y="53" width="187" height="77"/>
</OView>
<OView class="oracle.dbtools.crest.swingui.logical.TVEntity" oid="6B1628B5-B06B-FDF1-94E7-BF21D95EEE09" otype="Entity" vid="7EEAF285-58FA-537D-C487-732E0F65DA17">
<hideElementsInCurrentOnly>false</hideElementsInCurrentOnly>
<bounds x="348" y="307" width="189" height="95"/>
</OView>
<OView class="oracle.dbtools.crest.swingui.logical.TVEntity" oid="9B823670-FD74-8FE7-A059-330BBCCC3BCB" otype="Entity" vid="923039F3-3F12-029A-E8DD-F17F5BA71BE8">
<hideElementsInCurrentOnly>false</hideElementsInCurrentOnly>
<bounds x="376" y="45" width="176" height="85"/>
</OView>
</objectViews>
<connectors>
<Connector class="oracle.dbtools.crest.swingui.logical.TVRelation" oid="27AA42D8-1A53-1E92-43DD-D76AD98020C7" otype="Relation" vid_source="923039F3-3F12-029A-E8DD-F17F5BA71BE8" vid_target="7EEAF285-58FA-537D-C487-732E0F65DA17">
<hideElementsInCurrentOnly>false</hideElementsInCurrentOnly>
<backgroundColor>-16777216</backgroundColor>
<lineWidth>1</lineWidth>
<points>
<point x="456" y="130"/>
<point x="456" y="307"/>
</points>
</Connector>
<Connector class="oracle.dbtools.crest.swingui.logical.TVRelation" oid="C2AFA4FB-B541-D863-541C-3D346ABAB3B3" otype="Relation" vid_source="923039F3-3F12-029A-E8DD-F17F5BA71BE8" vid_target="AB4F9684-77FF-B391-81C6-53DA1DF60E33">
<hideElementsInCurrentOnly>false</hideElementsInCurrentOnly>
<backgroundColor>-16777216</backgroundColor>
<lineWidth>1</lineWidth>
<points>
<point x="552" y="87"/>
<point x="738" y="87"/>
</points>
</Connector>
<Connector class="oracle.dbtools.crest.swingui.logical.TVRelation" oid="EA5BDB23-F832-6220-0BEA-8ACA42F99EEE" otype="Relation" vid_source="923039F3-3F12-029A-E8DD-F17F5BA71BE8" vid_target="DE336A0C-DEAB-2B8A-6C37-1DFBE9C6CBB2">
<hideElementsInCurrentOnly>false</hideElementsInCurrentOnly>
<backgroundColor>-16777216</backgroundColor>
<lineWidth>1</lineWidth>
<points>
<point x="376" y="91"/>
<point x="208" y="91"/>
</points>
</Connector>
</connectors>
</Diagram>