<?xml version = '1.0' encoding = 'UTF-8'?>
<relationalModel class="oracle.dbtools.crest.model.design.relational.RelationalDesign" name="Relational_1" id="2E67DEEC-B632-FC60-70D0-79649B96975C" mainViewID="154BAC26-1534-F7F4-80DB-B0CBA95FBADC">
<createdBy>Gui</createdBy>
<createdTime>2023-05-29 21:55:43 UTC</createdTime>
<ownerDesignName>modeloLógicoRelaiconal</ownerDesignName>
<shouldBeOpen>false</shouldBeOpen>
<selectedRDBMSSite>32076570-2523-435C-2E92-BF29817DFF70</selectedRDBMSSite>
</relationalModel>