<?xml version = '1.0' encoding = 'UTF-8'?>
<Entity class="oracle.dbtools.crest.model.design.logical.Entity" directorySegmentName="seg_0" id="27DFB730-BE32-5533-6D54-B41052EADF53" name="Conta">
<createdBy>Gui</createdBy>
<createdTime>2023-05-29 22:09:41 UTC</createdTime>
<ownerDesignName>modeloLógicoRelaiconal</ownerDesignName>
<engineerTo>
<item key="2E67DEEC-B632-FC60-70D0-79649B96975C" value="true"/>
</engineerTo>
<adequatelyNormalized>NO</adequatelyNormalized>
<expectedVolumes>0</expectedVolumes>
<fwdEngineeringStrategyName>Single Table</fwdEngineeringStrategyName>
<growthPercent>0</growthPercent>
<growthType>Year</growthType>
<maxVolumes>9999999</maxVolumes>
<minVolumes>0</minVolumes>
<normalForm>Third</normalForm>
<attributes itemClass="oracle.dbtools.crest.model.design.logical.Attribute">
<Attribute name="cd_conta" id="6D13BB71-B103-3F58-AD33-EFF64B718D4C">
<createdBy>Gui</createdBy>
<createdTime>2023-05-29 22:10:47 UTC</createdTime>
<ownerDesignName>modeloLógicoRelaiconal</ownerDesignName>
<engineerTo>
<item key="2E67DEEC-B632-FC60-70D0-79649B96975C" value="true"/>
</engineerTo>
<useDomainConstraints>false</useDomainConstraints>
<use>1</use>
<logicalDatatype>LOGDT011</logicalDatatype>
<ownDataTypeParameters>,,</ownDataTypeParameters>
</Attribute>
<Attribute name="saldo" id="07C4A3CF-1721-0924-6DAF-B39C33A73DE1">
<createdBy>Gui</createdBy>
<createdTime>2023-05-29 22:11:12 UTC</createdTime>
<ownerDesignName>modeloLógicoRelaiconal</ownerDesignName>
<engineerTo>
<item key="2E67DEEC-B632-FC60-70D0-79649B96975C" value="true"/>
</engineerTo>
<useDomainConstraints>false</useDomainConstraints>
<use>1</use>
<logicalDatatype>LOGDT024</logicalDatatype>
<dataTypeSize>50</dataTypeSize>
<ownDataTypeParameters>50,,</ownDataTypeParameters>
</Attribute>
<Attribute name="Valor_fatura" id="5EE73441-39D3-1059-911A-A0833585F6B9">
<createdBy>Gui</createdBy>
<createdTime>2023-05-29 22:11:37 UTC</createdTime>
<ownerDesignName>modeloLógicoRelaiconal</ownerDesignName>
<engineerTo>
<item key="2E67DEEC-B632-FC60-70D0-79649B96975C" value="true"/>
</engineerTo>
<useDomainConstraints>false</useDomainConstraints>
<use>1</use>
<logicalDatatype>LOGDT024</logicalDatatype>
<dataTypeSize>50</dataTypeSize>
<ownDataTypeParameters>50,,</ownDataTypeParameters>
</Attribute>
<Attribute name="cod_usuário" id="6ECDAB2F-A7AD-6816-ED2F-38999E18223F">
<createdBy>Gui</createdBy>
<createdTime>2023-05-29 22:17:25 UTC</createdTime>
<generatorID>C2AFA4FB-B541-D863-541C-3D346ABAB3B3</generatorID>
<ownerDesignName>modeloLógicoRelaiconal</ownerDesignName>
<engineerTo>
<item key="2E67DEEC-B632-FC60-70D0-79649B96975C" value="true"/>
</engineerTo>
<referedAttribute>26B78DE0-EA25-BC67-C4DD-3891C79D0C42</referedAttribute>
<useDomainConstraints>false</useDomainConstraints>
<use>1</use>
<logicalDatatype>LOGDT011</logicalDatatype>
<ownDataTypeParameters>,,</ownDataTypeParameters>
</Attribute>
</attributes>
<identifiers itemClass="oracle.dbtools.crest.model.design.logical.CandidateKey">
<identifier id="B97353AE-1AC0-8933-3C14-CB3C7E3400D9" name="Conta PK">
<createdBy>Gui</createdBy>
<createdTime>2023-05-29 22:11:11 UTC</createdTime>
<ownerDesignName>modeloLógicoRelaiconal</ownerDesignName>
<engineerTo>
<item key="2E67DEEC-B632-FC60-70D0-79649B96975C" value="true"/>
</engineerTo>
<pk>true</pk>
<usedAttributes>
<attributeRef>6D13BB71-B103-3F58-AD33-EFF64B718D4C</attributeRef>
</usedAttributes>
</identifier>
</identifiers>
</Entity>