<?xml version = '1.0' encoding = 'UTF-8'?>
<Entity class="oracle.dbtools.crest.model.design.logical.Entity" directorySegmentName="seg_0" id="5B30A18D-F44D-5CCE-CA38-75DF21ACD4A8" name="Cartão">
<createdBy>Gui</createdBy>
<createdTime>2023-05-29 22:14:46 UTC</createdTime>
<ownerDesignName>modeloLógicoRelaiconal</ownerDesignName>
<engineerTo>
<item key="2E67DEEC-B632-FC60-70D0-79649B96975C" value="true"/>
</engineerTo>
<adequatelyNormalized>NO</adequatelyNormalized>
<expectedVolumes>0</expectedVolumes>
<fwdEngineeringStrategyName>Single Table</fwdEngineeringStrategyName>
<growthPercent>0</growthPercent>
<growthType>Year</growthType>
<maxVolumes>9999999</maxVolumes>
<minVolumes>0</minVolumes>
<normalForm>Third</normalForm>
<attributes itemClass="oracle.dbtools.crest.model.design.logical.Attribute">
<Attribute name="cd_cartão" id="0B5197F9-88F9-810F-B59C-E4E0233B7C2F">
<createdBy>Gui</createdBy>
<createdTime>2023-05-29 22:14:54 UTC</createdTime>
<ownerDesignName>modeloLógicoRelaiconal</ownerDesignName>
<engineerTo>
<item key="2E67DEEC-B632-FC60-70D0-79649B96975C" value="true"/>
</engineerTo>
<useDomainConstraints>false</useDomainConstraints>
<use>1</use>
<logicalDatatype>LOGDT011</logicalDatatype>
<ownDataTypeParameters>,,</ownDataTypeParameters>
</Attribute>
<Attribute name="nmr_cartão" id="C6D3246A-9CB2-2B2A-965E-7E34F50A7B5D">
<createdBy>Gui</createdBy>
<createdTime>2023-05-29 22:15:06 UTC</createdTime>
<ownerDesignName>modeloLógicoRelaiconal</ownerDesignName>
<engineerTo>
<item key="2E67DEEC-B632-FC60-70D0-79649B96975C" value="true"/>
</engineerTo>
<useDomainConstraints>false</useDomainConstraints>
<use>1</use>
<logicalDatatype>LOGDT024</logicalDatatype>
<dataTypeSize>16</dataTypeSize>
<ownDataTypeParameters>16,,</ownDataTypeParameters>
</Attribute>
<Attribute name="data_validade" id="5CD3F539-F94E-D922-6231-D2FCADC9FAF8">
<createdBy>Gui</createdBy>
<createdTime>2023-05-29 22:15:50 UTC</createdTime>
<ownerDesignName>modeloLógicoRelaiconal</ownerDesignName>
<engineerTo>
<item key="2E67DEEC-B632-FC60-70D0-79649B96975C" value="true"/>
</engineerTo>
<useDomainConstraints>false</useDomainConstraints>
<use>1</use>
<logicalDatatype>LOGDT008</logicalDatatype>
<ownDataTypeParameters>,,</ownDataTypeParameters>
</Attribute>
<Attribute name="nome_titular" id="B644DBB1-36EA-1176-B423-906B1592901E">
<createdBy>Gui</createdBy>
<createdTime>2023-05-29 22:16:21 UTC</createdTime>
<ownerDesignName>modeloLógicoRelaiconal</ownerDesignName>
<engineerTo>
<item key="2E67DEEC-B632-FC60-70D0-79649B96975C" value="true"/>
</engineerTo>
<useDomainConstraints>false</useDomainConstraints>
<use>1</use>
<logicalDatatype>LOGDT024</logicalDatatype>
<dataTypeSize>50</dataTypeSize>
<ownDataTypeParameters>50,,</ownDataTypeParameters>
</Attribute>
<Attribute name="cd_segurança" id="155F212E-3FBC-1AE9-CAF0-63804B4AACA5">
<createdBy>Gui</createdBy>
<createdTime>2023-05-29 22:16:40 UTC</createdTime>
<ownerDesignName>modeloLógicoRelaiconal</ownerDesignName>
<engineerTo>
<item key="2E67DEEC-B632-FC60-70D0-79649B96975C" value="true"/>
</engineerTo>
<useDomainConstraints>false</useDomainConstraints>
<use>1</use>
<logicalDatatype>LOGDT011</logicalDatatype>
<ownDataTypeParameters>,,</ownDataTypeParameters>
</Attribute>
<Attribute name="cod_usuário" id="86CADE14-1101-BD6E-0400-16779315BE00">
<createdBy>Gui</createdBy>
<createdTime>2023-05-29 22:18:14 UTC</createdTime>
<generatorID>EA5BDB23-F832-6220-0BEA-8ACA42F99EEE</generatorID>
<ownerDesignName>modeloLógicoRelaiconal</ownerDesignName>
<engineerTo>
<item key="2E67DEEC-B632-FC60-70D0-79649B96975C" value="true"/>
</engineerTo>
<referedAttribute>26B78DE0-EA25-BC67-C4DD-3891C79D0C42</referedAttribute>
<useDomainConstraints>false</useDomainConstraints>
<use>1</use>
<logicalDatatype>LOGDT011</logicalDatatype>
<ownDataTypeParameters>,,</ownDataTypeParameters>
</Attribute>
</attributes>
<identifiers itemClass="oracle.dbtools.crest.model.design.logical.CandidateKey">
<identifier id="CAEBE0B7-0C21-A612-9C12-6DDF063D9407" name="Cartão PK">
<createdBy>Gui</createdBy>
<createdTime>2023-05-29 22:15:04 UTC</createdTime>
<ownerDesignName>modeloLógicoRelaiconal</ownerDesignName>
<engineerTo>
<item key="2E67DEEC-B632-FC60-70D0-79649B96975C" value="true"/>
</engineerTo>
<pk>true</pk>
<usedAttributes>
<attributeRef>0B5197F9-88F9-810F-B59C-E4E0233B7C2F</attributeRef>
</usedAttributes>
</identifier>
</identifiers>
</Entity>