<?xml version = '1.0' encoding = 'UTF-8'?>
<Entity class="oracle.dbtools.crest.model.design.logical.Entity" directorySegmentName="seg_0" id="6B1628B5-B06B-FDF1-94E7-BF21D95EEE09" name="Senha">
<createdBy>Gui</createdBy>
<createdTime>2023-05-29 22:12:24 UTC</createdTime>
<ownerDesignName>modeloLógicoRelaiconal</ownerDesignName>
<engineerTo>
<item key="2E67DEEC-B632-FC60-70D0-79649B96975C" value="true"/>
</engineerTo>
<adequatelyNormalized>NO</adequatelyNormalized>
<expectedVolumes>0</expectedVolumes>
<fwdEngineeringStrategyName>Single Table</fwdEngineeringStrategyName>
<growthPercent>0</growthPercent>
<growthType>Year</growthType>
<maxVolumes>9999999</maxVolumes>
<minVolumes>0</minVolumes>
<normalForm>Third</normalForm>
<attributes itemClass="oracle.dbtools.crest.model.design.logical.Attribute">
<Attribute name="cd_senha" id="A5C71BA7-0009-AEC5-E73B-22E3E1931B4B">
<createdBy>Gui</createdBy>
<createdTime>2023-05-29 22:14:06 UTC</createdTime>
<ownerDesignName>modeloLógicoRelaiconal</ownerDesignName>
<engineerTo>
<item key="2E67DEEC-B632-FC60-70D0-79649B96975C" value="true"/>
</engineerTo>
<useDomainConstraints>false</useDomainConstraints>
<use>1</use>
<logicalDatatype>LOGDT011</logicalDatatype>
<ownDataTypeParameters>,,</ownDataTypeParameters>
</Attribute>
<Attribute name="senha_cartão" id="07027B07-6FB3-B544-65E6-C050306B860F">
<createdBy>Gui</createdBy>
<createdTime>2023-05-29 22:14:21 UTC</createdTime>
<ownerDesignName>modeloLógicoRelaiconal</ownerDesignName>
<engineerTo>
<item key="2E67DEEC-B632-FC60-70D0-79649B96975C" value="true"/>
</engineerTo>
<useDomainConstraints>false</useDomainConstraints>
<use>1</use>
<logicalDatatype>LOGDT024</logicalDatatype>
<dataTypeSize>4</dataTypeSize>
<ownDataTypeParameters>4,,</ownDataTypeParameters>
</Attribute>
<Attribute name="cod_usuário" id="816BF610-953D-4632-9AA2-7AC0D6DEFBD1">
<createdBy>Gui</createdBy>
<createdTime>2023-05-29 22:17:39 UTC</createdTime>
<generatorID>27AA42D8-1A53-1E92-43DD-D76AD98020C7</generatorID>
<ownerDesignName>modeloLógicoRelaiconal</ownerDesignName>
<engineerTo>
<item key="2E67DEEC-B632-FC60-70D0-79649B96975C" value="true"/>
</engineerTo>
<referedAttribute>26B78DE0-EA25-BC67-C4DD-3891C79D0C42</referedAttribute>
<useDomainConstraints>false</useDomainConstraints>
<use>1</use>
<logicalDatatype>LOGDT011</logicalDatatype>
<ownDataTypeParameters>,,</ownDataTypeParameters>
</Attribute>
</attributes>
<identifiers itemClass="oracle.dbtools.crest.model.design.logical.CandidateKey">
<identifier id="638564DF-422D-8C16-4729-6B0D0800DD17" name="Senha PK">
<createdBy>Gui</createdBy>
<createdTime>2023-05-29 22:14:16 UTC</createdTime>
<ownerDesignName>modeloLógicoRelaiconal</ownerDesignName>
<engineerTo>
<item key="2E67DEEC-B632-FC60-70D0-79649B96975C" value="true"/>
</engineerTo>
<pk>true</pk>
<usedAttributes>
<attributeRef>A5C71BA7-0009-AEC5-E73B-22E3E1931B4B</attributeRef>
</usedAttributes>
</identifier>
</identifiers>
</Entity>