<?xml version = '1.0' encoding = 'UTF-8'?>
<Relation class="oracle.dbtools.crest.model.design.logical.Relation" name="Relation_2" directorySegmentName="seg_0" id="27AA42D8-1A53-1E92-43DD-D76AD98020C7">
<createdBy>Gui</createdBy>
<createdTime>2023-05-29 22:17:39 UTC</createdTime>
<ownerDesignName>modeloLógicoRelaiconal</ownerDesignName>
<engineerTo>
<item key="2E67DEEC-B632-FC60-70D0-79649B96975C" value="true"/>
</engineerTo>
<sourcePk>B1809AA8-9B43-8A1A-A99F-941502A3E085</sourcePk>
<identifying>false</identifying>
<optionalSource>true</optionalSource>
<optionalTarget>false</optionalTarget>
<sourceCardinality>1</sourceCardinality>
<sourceEntity>9B823670-FD74-8FE7-A059-330BBCCC3BCB</sourceEntity>
<targetCardinalityString>1</targetCardinalityString>
<targetEntity>6B1628B5-B06B-FDF1-94E7-BF21D95EEE09</targetEntity>
<transferable>true</transferable>
<deleteRule>NO ACTION</deleteRule>
</Relation>