<?xml version = '1.0' encoding = 'UTF-8'?>
<Relation class="oracle.dbtools.crest.model.design.logical.Relation" name="Relation_1" directorySegmentName="seg_0" id="C2AFA4FB-B541-D863-541C-3D346ABAB3B3">
<createdBy>Gui</createdBy>
<createdTime>2023-05-29 22:17:25 UTC</createdTime>
<ownerDesignName>modeloLógicoRelaiconal</ownerDesignName>
<engineerTo>
<item key="2E67DEEC-B632-FC60-70D0-79649B96975C" value="true"/>
</engineerTo>
<sourcePk>B1809AA8-9B43-8A1A-A99F-941502A3E085</sourcePk>
<identifying>false</identifying>
<optionalSource>true</optionalSource>
<optionalTarget>false</optionalTarget>
<sourceCardinality>1</sourceCardinality>
<sourceEntity>9B823670-FD74-8FE7-A059-330BBCCC3BCB</sourceEntity>
<targetCardinalityString>1</targetCardinalityString>
<targetEntity>27DFB730-BE32-5533-6D54-B41052EADF53</targetEntity>
<transferable>true</transferable>
<deleteRule>NO ACTION</deleteRule>
</Relation>