<?xml version = '1.0' encoding = 'UTF-8'?>
<Relation class="oracle.dbtools.crest.model.design.logical.Relation" name="Relation_3" directorySegmentName="seg_0" id="EA5BDB23-F832-6220-0BEA-8ACA42F99EEE">
<createdBy>Gui</createdBy>
<createdTime>2023-05-29 22:18:14 UTC</createdTime>
<ownerDesignName>modeloLógicoRelaiconal</ownerDesignName>
<engineerTo>
<item key="2E67DEEC-B632-FC60-70D0-79649B96975C" value="true"/>
</engineerTo>
<sourcePk>B1809AA8-9B43-8A1A-A99F-941502A3E085</sourcePk>
<identifying>false</identifying>
<optionalSource>true</optionalSource>
<optionalTarget>false</optionalTarget>
<sourceCardinality>1</sourceCardinality>
<sourceEntity>9B823670-FD74-8FE7-A059-330BBCCC3BCB</sourceEntity>
<targetCardinalityString>*</targetCardinalityString>
<targetEntity>5B30A18D-F44D-5CCE-CA38-75DF21ACD4A8</targetEntity>
<transferable>true</transferable>
<deleteRule>NO ACTION</deleteRule>
</Relation>