<?xml version = '1.0' encoding = 'UTF-8'?>
<Diagram class="oracle.dbtools.crest.swingui.relational.DPVRelational" name="Relational_1" id="154BAC26-1534-F7F4-80DB-B0CBA95FBADC">
<createdBy>Gui</createdBy>
<modifiedBy>Gui</modifiedBy>
<createdTime>2023-05-29 22:19:02 UTC</createdTime>
<autoRoute>false</autoRoute>
<boxInbox>true</boxInbox>
<showLegend>false</showLegend>
<showLabels>false</showLabels>
<showRelAttributes>false</showRelAttributes>
<gridEnabled>false</gridEnabled>
<showGrid>false</showGrid>
<diagramColor>-1</diagramColor>
<display>false</display>
<notation>1</notation>
<objectViews>
<OView class="oracle.dbtools.crest.swingui.relational.TVTable" oid="3A097F48-8D79-F125-0756-8FF0BE4922B6" otype="Table" vid="182AB0E1-A6DA-6D5C-411F-9DFDF7EA19AB">
<hideElementsInCurrentOnly>false</hideElementsInCurrentOnly>
<bounds x="348" y="307" width="234" height="128"/>
</OView>
<OView class="oracle.dbtools.crest.swingui.relational.TVTable" oid="A084F663-9241-F397-CA81-4FC221D60296" otype="Table" vid="2591FA54-76A6-F8F5-16C5-E3DBBCD1573B">
<hideElementsInCurrentOnly>false</hideElementsInCurrentOnly>
<bounds x="738" y="44" width="234" height="142"/>
</OView>
<OView class="oracle.dbtools.crest.swingui.relational.TVTable" oid="C5BBBF05-D2C7-498D-EC95-07AF22B38EB9" otype="Table" vid="74735169-8F7C-7079-F452-8AB5695C2F13">
<hideElementsInCurrentOnly>false</hideElementsInCurrentOnly>
<bounds x="376" y="45" width="193" height="88"/>
</OView>
<OView class="oracle.dbtools.crest.swingui.relational.TVTable" oid="CAC2FAD7-95DD-34EB-8553-257C7F3501B0" otype="Table" vid="1C3ABD21-3C4B-C820-31B7-7146B0F2AAAD">
<hideElementsInCurrentOnly>false</hideElementsInCurrentOnly>
<bounds x="21" y="53" width="234" height="150"/>
</OView>
</objectViews>
<connectors>
<Connector class="oracle.dbtools.crest.swingui.relational.TVFKRelation" oid="213D885B-451C-7256-C652-965B55275AD4" otype="FKIndexAssociation" vid_source="74735169-8F7C-7079-F452-8AB5695C2F13" vid_target="182AB0E1-A6DA-6D5C-411F-9DFDF7EA19AB">
<hideElementsInCurrentOnly>false</hideElementsInCurrentOnly>
<backgroundColor>-16777216</backgroundColor>
<lineWidth>1</lineWidth>
<points>
<point x="456" y="133"/>
<point x="456" y="307"/>
</points>
</Connector>
<Connector class="oracle.dbtools.crest.swingui.relational.TVFKRelation" oid="25AB63E8-556A-2B12-491D-9DDA2280CD45" otype="FKIndexAssociation" vid_source="74735169-8F7C-7079-F452-8AB5695C2F13" vid_target="1C3ABD21-3C4B-C820-31B7-7146B0F2AAAD">
<hideElementsInCurrentOnly>false</hideElementsInCurrentOnly>
<backgroundColor>-16777216</backgroundColor>
<lineWidth>1</lineWidth>
<points>
<point x="376" y="91"/>
<point x="208" y="53"/>
</points>
</Connector>
<Connector class="oracle.dbtools.crest.swingui.relational.TVFKRelation" oid="4D1C987A-0877-CDBF-C211-0EA434176F89" otype="FKIndexAssociation" vid_source="74735169-8F7C-7079-F452-8AB5695C2F13" vid_target="2591FA54-76A6-F8F5-16C5-E3DBBCD1573B">
<hideElementsInCurrentOnly>false</hideElementsInCurrentOnly>
<backgroundColor>-16777216</backgroundColor>
<lineWidth>1</lineWidth>
<points>
<point x="569" y="87"/>
<point x="738" y="87"/>
</points>
</Connector>
</connectors>
</Diagram>